,year_group,count,mean,std,min,25%,50%,75%,max
0,1980-85,1204.0,78.14271568106312,18.609393831172184,59.0544,59.71056,74.80224000000001,78.73920000000001,119.7492
1,1985-90,1195.0,72.05707521338913,9.559586612613689,59.71056,59.71056,78.73920000000001,80.70768000000001,82.02000000000001
2,1990-95,416.0,95.30250807692308,7.347924558904672,80.05152,98.424,98.424,98.424,141.0744
3,1995-00,1196.0,184.4018078929766,23.84956477805581,78.08304000000001,164.04000000000002,180.44400000000002,206.6904,255.9024
4,2000-05,3801.0,205.64116546172062,28.969915640028134,78.08304000000001,196.848,212.26776,219.8136,278.868
5,2005-10,17045.0,255.69781435494278,18.85371362661024,98.424,262.464,262.464,262.464,344.48400000000004
6,2010-15,13492.0,272.5674633619923,26.05558776621978,63.9756,262.464,262.464,262.464,393.696
0,2015-20,19137.0,282.26316597585827,23.83296647002088,98.424,262.464,278.868,295.272,429.7848
