,year_group,count,mean,std,min,25%,50%,75%,max
0,1980-85,4179.0,55.1192456568557,6.010992411194795,42.650400000000005,55.7736,55.7736,55.7736,108.2664
1,1985-90,1383.0,60.17172234273319,14.732731257995024,52.4928,52.4928,55.7736,55.7736,108.2664
2,1990-95,416.0,91.99647115384616,7.585188277679108,75.4584,88.58160000000001,88.58160000000001,88.58160000000001,108.2664
3,1995-00,1306.0,151.06853071975496,22.253667413803978,49.212,154.1976,157.47840000000002,164.04000000000002,216.5328
4,2000-05,3801.0,194.20074569850038,38.76593523335368,49.212,154.1976,201.44112,231.2964,295.272
0,2005-10,17035.0,262.91452981743464,33.24944853002288,45.931200000000004,252.6216,252.6216,285.4296,354.32640000000004
1,2010-15,16242.0,300.82879692648686,35.920108914680725,55.7736,270.666,295.272,328.08000000000004,393.696
2,2015-20,19144.0,369.70007730463857,36.25700598037437,68.24064,351.04560000000004,360.88800000000003,383.85360000000003,505.2432
